id,filename
037934ba-14cb-40a2-8713-0194d3afb927HiResProxy,037934ba-14cb-40a2-8713-0194d3afb927HiResProxy.jpg
18740,18740.png
18833854,18833854.jpg
2439f933-995d-4c4e-9089-c8dc65b66d34HiResProxy,2439f933-995d-4c4e-9089-c8dc65b66d34HiResProxy.jpg
2k3narpdu2h31,2k3narpdu2h31.jpg
6478039,6478039.jpg
64c9e368-269a-4951-bcde-29c2997533dbHiResProxy,64c9e368-269a-4951-bcde-29c2997533dbHiResProxy.jpg
66638907-f5cd-457a-9e6e-9089ad2891e8HiResProxy,66638907-f5cd-457a-9e6e-9089ad2891e8HiResProxy.jpg
75fe8898-c1e7-4911-8f57-3526008e0d60HiResProxy,75fe8898-c1e7-4911-8f57-3526008e0d60HiResProxy.jpg
76a33bf0-419d-401d-8044-c1b901277c57HiResProxy,76a33bf0-419d-401d-8044-c1b901277c57HiResProxy.jpg
7bd8f807-8a3a-44ed-a1d8-33519a29213aHiResProxy,7bd8f807-8a3a-44ed-a1d8-33519a29213aHiResProxy.jpg
882f810f-b7f9-44e3-aaa2-c1844759c5e1Original,882f810f-b7f9-44e3-aaa2-c1844759c5e1Original.png
8885d5df-133d-435b-87d2-b4e5cb08d7f9HiResProxy,8885d5df-133d-435b-87d2-b4e5cb08d7f9HiResProxy.jpg
8cb84530-ae30-484d-a63b-0d9e7772622eHiResProxy,8cb84530-ae30-484d-a63b-0d9e7772622eHiResProxy.jpg
99bed1b1-ae5a-45b6-aa39-c98c70102007HiResProxy,99bed1b1-ae5a-45b6-aa39-c98c70102007HiResProxy.jpg
9ca7659a-f378-4e04-a8e0-4d6659b695eeHiResProxy,9ca7659a-f378-4e04-a8e0-4d6659b695eeHiResProxy.jpg
Adams_County_1994_Topographic,Adams_County_1994_Topographic.jpg
Adirondack_State_Park,Adirondack_State_Park.jpg
Africa_Language,Africa_Language.jpg
Albuquerque,Albuquerque.png
Anchorage_TAC,Anchorage_TAC.jpg
Antietam1Battle,Antietam1Battle.jpg
Antietam2Battle,Antietam2Battle.jpg
Arcadia1946Park,Arcadia1946Park.jpg
Arkansas1934Road,Arkansas1934Road.jpg
Armstrong_County_Soil,Armstrong_County_Soil.jpg
Atlanta_TAC,Atlanta_TAC.png
Atlanta_TAC_2,Atlanta_TAC_2.png
Baltimore-WashingtonFLY,Baltimore-WashingtonFLY.jpg
Baltimore-Washington_TAC,Baltimore-Washington_TAC.png
Baltimore-Washington_TAC_2,Baltimore-Washington_TAC_2.png
BaltimoreHEL,BaltimoreHEL.jpg
BeaverCounty_Topographic,BeaverCounty_Topographic.jpg
BeaverCreek_Watershed,BeaverCreek_Watershed.jpg
BeaverdamCreekBattle,BeaverdamCreekBattle.jpg
BerksCountySoil,BerksCountySoil.jpg
BlairCountyTopographic,BlairCountyTopographic.jpg
Boston1900,Boston1900.jpg
Boston1905,Boston1905.jpg
BostonDowntownHEL,BostonDowntownHEL.jpg
BostonHEL,BostonHEL.jpg
Boston_TAC,Boston_TAC.png
BradleyCountySoil,BradleyCountySoil.jpg
BrevardCountySoil,BrevardCountySoil.jpg
BristoeStationBattle,BristoeStationBattle.jpg
BullRun1Battle,BullRun1Battle.jpg
BullRun2Battle,BullRun2Battle.jpg
CabellCountyTopographic,CabellCountyTopographic.jpg
CampbellCountyTopographic,CampbellCountyTopographic.jpg
CantondeGenève1855,CantondeGenève1855.jpg
Cape_Blanco_to_Yaquina_Head_Nautical,Cape_Blanco_to_Yaquina_Head_Nautical.jpg
Cape_Canaveral_to_KeyWest_Nautical,Cape_Canaveral_to_KeyWest_Nautical.jpg
CarbonCountyTopographic,CarbonCountyTopographic.jpg
Caucasus_Language,Caucasus_Language.jpg
Cayuga&Seneca_Nautical,Cayuga&Seneca_Nautical.jpg
Cayuga_Lake_North_End_Nautical,Cayuga_Lake_North_End_Nautical.jpg
Centreville_Battle,Centreville_Battle.jpg
Champlain_Canal_Nautical,Champlain_Canal_Nautical.jpg
Chancellorsville1863Battle,Chancellorsville1863Battle.jpg
Charleston_Light_to_Cape_Canaveral_Nautical,Charleston_Light_to_Cape_Canaveral_Nautical.jpg
Charlotte_TAC,Charlotte_TAC.png
Charlotte_TAC_2,Charlotte_TAC_2.png
ChattanoogaBattle,ChattanoogaBattle.jpg
Cheyenne2011Sec,Cheyenne2011Sec.jpg
ChicagoHEL,ChicagoHEL.jpg
Chicago_O_Hare_Inset_HEL,Chicago_O_Hare_Inset_HEL.jpg
Chicago_TAC,Chicago_TAC.png
Chicago_TAC_2,Chicago_TAC_2.png
ChinaLanguage,ChinaLanguage.jpg
Cincinnati1868,Cincinnati1868.jpg
Cincinnati2011Sec,Cincinnati2011Sec.jpg
Cincinnati_TAC,Cincinnati_TAC.png
Cincinnati_TAC_2,Cincinnati_TAC_2.png
ClevelandTAC,ClevelandTAC.jpg
Cleveland_Forman-Bassett1920,Cleveland_Forman-Bassett1920.jpg
ColbertCounty1896,ColbertCounty1896.jpg
ColdBaySEC,ColdBaySEC.jpg
ColumbiaCountyTopographic,ColumbiaCountyTopographic.jpg
Columbia_River_to_Destruction_Island_Nautical,Columbia_River_to_Destruction_Island_Nautical.jpg
Connecticut1846,Connecticut1846.jpg
Cook_Inlet_Nautical,Cook_Inlet_Nautical.jpg
Cook_Inlet_Nautical2,Cook_Inlet_Nautical2.jpg
CopenhagenFrederiksberg1906,CopenhagenFrederiksberg1906.jpg
Coronation_Island_to_Lisianski_Strait_Nautical,Coronation_Island_to_Lisianski_Strait_Nautical.jpg
Cross_Sound_to_Yakutat_Bay_Nautical,Cross_Sound_to_Yakutat_Bay_Nautical.jpg
CumberlandCountySoil,CumberlandCountySoil.jpg
DC1882,DC1882.jpg
DC_Soil,DC_Soil.jpg
DC_Topographic,DC_Topographic.jpg
DC_Zoning,DC_Zoning.jpg
Dahlonega_Topographic,Dahlonega_Topographic.jpg
Dakotas1938Road,Dakotas1938Road.jpg
Dallas-FtWorth_HEL,Dallas-FtWorth_HEL.jpg
Dallas-Ft_Worth_TAC,Dallas-Ft_Worth_TAC.png
Dallas-Ft_Worth_TAC_2,Dallas-Ft_Worth_TAC_2.png
Dallas-Love_Inset_HEL,Dallas-Love_Inset_HEL.jpg
DauphinCountyTopographic,DauphinCountyTopographic.jpg
DelawareCountyTopographic,DelawareCountyTopographic.jpg
Denver_TAC,Denver_TAC.png
Denver_TAC_2,Denver_TAC_2.png
Denver_TAC_3,Denver_TAC_3.png
Destruction_Island_to_Amphitrite_Point_Nautical,Destruction_Island_to_Amphitrite_Point_Nautical.jpg
DetroitHEL,DetroitHEL.jpg
Detroit_TAC,Detroit_TAC.png
Detroit_TAC_2,Detroit_TAC_2.png
Dixon_Entrance_to_Chatham_Strait_Nautical,Dixon_Entrance_to_Chatham_Strait_Nautical.jpg
DowntownManhattanHEL,DowntownManhattanHEL.jpg
Dresden1874,Dresden1874.jpg
EasternLongIslandHEL,EasternLongIslandHEL.jpg
ErieCanal1Nautical,ErieCanal1Nautical.jpg
ErieCanal2Nautical,ErieCanal2Nautical.jpg
ErieCanal3Nautical,ErieCanal3Nautical.jpg
ErieCanal4Nautical,ErieCanal4Nautical.jpg
ErieCanal6Nautical,ErieCanal6Nautical.jpg
Escambia_County_Soil,Escambia_County_Soil.jpg
Etolin_Island_to_Midway_Islands_Nautical,Etolin_Island_to_Midway_Islands_Nautical.jpg
FairbanksTAC,FairbanksTAC.jpg
Fairfax&PrinceWill_County_Road,Fairfax&PrinceWill_County_Road.jpg
FairfaxAlexandriaCounties_Soil,FairfaxAlexandriaCounties_Soil.jpg
Fairfax_County_Topographic,Fairfax_County_Topographic.jpg
Fairfield_Twp_Cadestral,Fairfield_Twp_Cadestral.jpg
FanninCountySoil,FanninCountySoil.jpg
Fisher'sHillBattle,Fisher'sHillBattle.jpg
FloridaKeys_Nautical,FloridaKeys_Nautical.jpg
Forest_County_Topographic,Forest_County_Topographic.jpg
Fort_Pulaski_Battle,Fort_Pulaski_Battle.jpg
Fulton_County_Topographic,Fulton_County_Topographic.jpg
Germany1853,Germany1853.jpg
GettysburgDay3Battle,GettysburgDay3Battle.jpg
GrandCanyon_AirTourOperators,GrandCanyon_AirTourOperators.jpg
GrandCanyon_General_Aviation,GrandCanyon_General_Aviation.jpg
GrandCanyon_NatPark_Topographic,GrandCanyon_NatPark_Topographic.jpg
Grand_Canyon_VFR,Grand_Canyon_VFR.png
Grand_Canyon_VFR_2,Grand_Canyon_VFR_2.png
GreatSmokyMountains_NatPark_Topographic,GreatSmokyMountains_NatPark_Topographic.jpg
HamlinCounty1897,HamlinCounty1897.jpg
HamptonBattle,HamptonBattle.jpg
Harper'sFerryBattle,Harper'sFerryBattle.jpg
Harrison'sLandingBattle1,Harrison'sLandingBattle1.jpg
Harrison'sLandingBattle2,Harrison'sLandingBattle2.jpg
HarrisonCountyTopographic,HarrisonCountyTopographic.jpg
Hawai'i_to_O'ahu_Nautical,Hawai'i_to_O'ahu_Nautical.jpg
Hawai'ian_Islands_Nautical,Hawai'ian_Islands_Nautical.jpg
Hawaiian_Islands,Hawaiian_Islands.png
Hawaiian_Islands_2,Hawaiian_Islands_2.png
Hecate_Strait_to_Etolin_Island_Nautical,Hecate_Strait_to_Etolin_Island_Nautical.jpg
HolmesCountySoil,HolmesCountySoil.jpg
Honolulu_Inset_SEC,Honolulu_Inset_SEC.jpg
Houston_North_HEL,Houston_North_HEL.jpg
Houston_South_HEL,Houston_South_HEL.jpg
Houston_TAC,Houston_TAC.png
Houston_TAC_2,Houston_TAC_2.png
Idaho1937Road,Idaho1937Road.jpg
Illinois1905,Illinois1905.jpg
Indiantown_Twp_Cadestral,Indiantown_Twp_Cadestral.jpg
Indonesia_Language,Indonesia_Language.jpg
Island_of_Hawai'i_Nautical,Island_of_Hawai'i_Nautical.jpg
Jackson_County_Soil,Jackson_County_Soil.jpg
Jackson_County_Soil_Drainage,Jackson_County_Soil_Drainage.jpg
Jackson_County_Soil_Permeability,Jackson_County_Soil_Permeability.jpg
Jacksonville,Jacksonville.png
JacksonvilleZoning,JacksonvilleZoning.jpg
JasperCountySoil,JasperCountySoil.jpg
JeffersonCountyTopographic,JeffersonCountyTopographic.jpg
Juneau,Juneau.png
JuneauZoning,JuneauZoning.jpg
JuniataCountySoil,JuniataCountySoil.jpg
KampalaStreet,KampalaStreet.jpg
Kansas1971Highway,Kansas1971Highway.jpg
KansasCity1893Railroad,KansasCity1893Railroad.jpg
Kansas_City_TAC,Kansas_City_TAC.png
Kenton_County_Topographic,Kenton_County_Topographic.jpg
Kentucky_Postal_Road,Kentucky_Postal_Road.jpg
Kettle_Run_Battle,Kettle_Run_Battle.jpg
Kiev_Central_City,Kiev_Central_City.jpg
Knox_County_Soil,Knox_County_Soil.jpg
Kodiak_Island_Nautical,Kodiak_Island_Nautical.jpg
LackawannaCountyTopographic,LackawannaCountyTopographic.jpg
LasVegasFLY,LasVegasFLY.jpg
LasVegasTAC,LasVegasTAC.jpg
Lebanon_County_Topographic,Lebanon_County_Topographic.jpg
Lee's_Mill_Battle,Lee's_Mill_Battle.jpg
Leepertown_Twp_Cadestral,Leepertown_Twp_Cadestral.jpg
LosAngelesEastHEL,LosAngelesEastHEL.jpg
LosAngelesWestHEL,LosAngelesWestHEL.jpg
Los_Angeles_Fire_Insurance1,Los_Angeles_Fire_Insurance1.jpg
Los_Angeles_Fire_Insurance2,Los_Angeles_Fire_Insurance2.jpg
Los_Angeles_Fire_Insurance3,Los_Angeles_Fire_Insurance3.jpg
Los_Angeles_Fire_Insurance4,Los_Angeles_Fire_Insurance4.jpg
Los_Angeles_Fire_Insurance5,Los_Angeles_Fire_Insurance5.jpg
Los_Angeles_TAC,Los_Angeles_TAC.png
Los_Angeles_TAC_2,Los_Angeles_TAC_2.png
Louisiana1945Road,Louisiana1945Road.jpg
LouisianaTopographic,LouisianaTopographic.jpg
Louisville_NewAlbany_StLouis1872Railroad,Louisville_NewAlbany_StLouis1872Railroad.jpg
Lowell1881,Lowell1881.jpg
Lynn2020Zoning,Lynn2020Zoning.jpg
MA1922Road,MA1922Road.jpg
MN1938Road,MN1938Road.jpg
MS_LA_AR_Postal,MS_LA_AR_Postal.jpg
Malvern_Hill_Battle,Malvern_Hill_Battle.jpg
Mammoth_Cave_NatPark_Topographic,Mammoth_Cave_NatPark_Topographic.jpg
ManateeCountySoil,ManateeCountySoil.jpg
MarianaIslandsInsetSEC,MarianaIslandsInsetSEC.jpg
Marion_County_Topographic,Marion_County_Topographic.jpg
Masindi_Port,Masindi_Port.jpg
Memphis_TAC,Memphis_TAC.png
Miami_TAC,Miami_TAC.png
Miami_TAC_2,Miami_TAC_2.png
MidEast,MidEast.jpg
MiddletownZoning,MiddletownZoning.jpg
Mine_Run_Battle,Mine_Run_Battle.jpg
Mineral_Twp_Cadestral,Mineral_Twp_Cadestral.jpg
Minneapolis-St_Paul_TAC,Minneapolis-St_Paul_TAC.png
Monongalia_County_Topographic,Monongalia_County_Topographic.jpg
NYC1920,NYC1920.jpg
NY_Area_1920_Auto_Trails,NY_Area_1920_Auto_Trails.jpg
NY_HEL,NY_HEL.jpg
NY_MetroArea_1867,NY_MetroArea_1867.jpg
Nat_Highway_Assoc1915,Nat_Highway_Assoc1915.jpg
Nat_Highway_Assoc_Alabama,Nat_Highway_Assoc_Alabama.jpg
Nat_Highway_Assoc_Wartime,Nat_Highway_Assoc_Wartime.jpg
Near_East_German,Near_East_German.jpg
Nebraska1939Road,Nebraska1939Road.jpg
New_Orleans_TAC,New_Orleans_TAC.png
New_Orleans_TAC_2,New_Orleans_TAC_2.png
New_York_TAC,New_York_TAC.png
New_York_TAC_2,New_York_TAC_2.png
Newburgh_Zoning,Newburgh_Zoning.jpg
NewtonCountySoil,NewtonCountySoil.jpg
North_Anna_River_Battle,North_Anna_River_Battle.jpg
NrgFc4C,NrgFc4C.jpeg
O'ahu_to_Ni'ihau_Nautical,O'ahu_to_Ni'ihau_Nautical.jpg
OakRidgeZoning,OakRidgeZoning.jpg
Omaha,Omaha.png
Oneida_Lake_Nautical,Oneida_Lake_Nautical.jpg
Orange_County_Topographic,Orange_County_Topographic.jpg
OrlandoFLY,OrlandoFLY.jpg
OrlandoTAC,OrlandoTAC.jpg
Oswego_Canal_Nautical,Oswego_Canal_Nautical.jpg
Philadelphia1883,Philadelphia1883.jpg
Philadelphia_TAC,Philadelphia_TAC.png
Philippines_Language,Philippines_Language.jpg
Phoenix_TAC,Phoenix_TAC.png
Phoenix_TAC_2,Phoenix_TAC_2.png
Pianta_di_Roma,Pianta_di_Roma.jpg
Pitt_County_Soil,Pitt_County_Soil.jpg
Pittsburgh_TAC,Pittsburgh_TAC.png
Point_Arena_to_Trinidad_Head_Nautical,Point_Arena_to_Trinidad_Head_Nautical.jpg
Point_Conception_to_Point_Sur_Nautical,Point_Conception_to_Point_Sur_Nautical.jpg
Point_Dume_to_Purisima_Point_Nautical,Point_Dume_to_Purisima_Point_Nautical.jpg
Point_Erington_to_East_Chugach_Island_Nautical,Point_Erington_to_East_Chugach_Island_Nautical.jpg
Point_Sur_to_San_Francisco_Nautical,Point_Sur_to_San_Francisco_Nautical.jpg
Polk_County_Soil,Polk_County_Soil.jpg
Pope_County1904,Pope_County1904.jpg
Potomac_Forestry,Potomac_Forestry.jpg
Poughkeepsie_Zoning,Poughkeepsie_Zoning.jpg
Prairie_County_Soil,Prairie_County_Soil.jpg
Prince_Will_Sound_Nautical,Prince_Will_Sound_Nautical.jpg
Puerto_Rico&Virgin_Islands_Nautical,Puerto_Rico&Virgin_Islands_Nautical.jpg
Puerto_Rico-VI_TAC,Puerto_Rico-VI_TAC.jpg
RG263_33570,RG263_33570.JPG
Raleigh_County_Topographic,Raleigh_County_Topographic.jpg
Rebel_Attack_on_Washington,Rebel_Attack_on_Washington.jpg
Richmond_Battle,Richmond_Battle.jpg
Roanoke_Island_Battle1,Roanoke_Island_Battle1.jpg
Roanoke_Island_Battle2,Roanoke_Island_Battle2.jpg
Rochester_Town_Zoning,Rochester_Town_Zoning.jpg
Rockdale_County_Soil,Rockdale_County_Soil.jpg
SC1913Highway,SC1913Highway.jpg
Salem_County_Soil,Salem_County_Soil.jpg
Salerno_road,Salerno_road.jpg
Salt_Lake_City_FLY,Salt_Lake_City_FLY.jpg
Salt_Lake_City_TAC,Salt_Lake_City_TAC.jpg
Samoan_Islands_Inset_SEC,Samoan_Islands_Inset_SEC.jpg
San_Diego_TAC,San_Diego_TAC.png
San_Diego_TAC_2,San_Diego_TAC_2.png
San_Fernando_Vly1923,San_Fernando_Vly1923.jpg
San_Francisco_SouthernPacific1915,San_Francisco_SouthernPacific1915.jpg
San_Francisco_TAC,San_Francisco_TAC.png
San_Francisco_TAC_2,San_Francisco_TAC_2.png
San_Francisco_to_Point_Arena_Nautical,San_Francisco_to_Point_Arena_Nautical.jpg
San_Jose1886,San_Jose1886.jpg
Santa_Rosa_County_Soil,Santa_Rosa_County_Soil.jpg
Savannah1864Battle,Savannah1864Battle.jpg
Seattle_Fire_Insurance1,Seattle_Fire_Insurance1.jpg
Seattle_Fire_Insurance2,Seattle_Fire_Insurance2.jpg
Seattle_Fire_Insurance3,Seattle_Fire_Insurance3.jpg
Seattle_Fire_Insurance4,Seattle_Fire_Insurance4.jpg
Seattle_TAC,Seattle_TAC.png
Seattle_TAC_2,Seattle_TAC_2.png
Seattle_TAC_3,Seattle_TAC_3.png
Seneca_Lake_north_Nautical,Seneca_Lake_north_Nautical.jpg
Seward_SEC,Seward_SEC.jpg
Sherman's_March,Sherman's_March.jpg
Shumagin_Islands_to_Sanak_Islands_Nautical,Shumagin_Islands_to_Sanak_Islands_Nautical.jpg
Smyth_County_Topographic,Smyth_County_Topographic.jpg
SomervilleZoning,SomervilleZoning.jpg
Somerville_NJ_Fire_Insurance1,Somerville_NJ_Fire_Insurance1.jpg
Somerville_NJ_Fire_Insurance2,Somerville_NJ_Fire_Insurance2.jpg
Somerville_NJ_Fire_Insurance3,Somerville_NJ_Fire_Insurance3.jpg
Somerville_NJ_Fire_Insurance4,Somerville_NJ_Fire_Insurance4.jpg
Somerville_NJ_Fire_Insurance5,Somerville_NJ_Fire_Insurance5.jpg
SouthernRailroad1863,SouthernRailroad1863.jpg
Spotsylvania_Battle,Spotsylvania_Battle.jpg
Springfield1905,Springfield1905.jpg
StLouis1921,StLouis1921.jpg
StMary'sCountySoilMap,StMary'sCountySoilMap.jpg
St_Louis_TAC,St_Louis_TAC.png
St_Louis_TAC_2,St_Louis_TAC_2.png
Stephens_Passage_to_Cross_Sound_Nautical,Stephens_Passage_to_Cross_Sound_Nautical.jpg
Strait_of_Georgia&Juan_de_Fuca_Nautical,Strait_of_Georgia&Juan_de_Fuca_Nautical.jpg
Strassburg1940-1945,Strassburg1940-1945.jpg
Sullivan_County_Topographic,Sullivan_County_Topographic.jpg
Suwanee_County_Soil,Suwanee_County_Soil.jpg
Tampa_FLY,Tampa_FLY.jpg
Tampa_TAC,Tampa_TAC.jpg
Trinidad_Head_to_Cape_Blanco_Nautical,Trinidad_Head_to_Cape_Blanco_Nautical.jpg
USA1893,USA1893.jpg
USGS_Center_Topographic,USGS_Center_Topographic.jpg
US_GulfCoastHEL,US_GulfCoastHEL.jpg
Uganda_Protectorate,Uganda_Protectorate.jpg
Unimak&Akutan_passes_Nautical,Unimak&Akutan_passes_Nautical.jpg
Union&Essex_Counties_Road,Union&Essex_Counties_Road.jpg
Union_Army_Glendale_Battle,Union_Army_Glendale_Battle.jpg
Union_County_Topographic,Union_County_Topographic.jpg
Upper_Charles_Trails1997Feasibility,Upper_Charles_Trails1997Feasibility.jpg
Utah_1939_Road,Utah_1939_Road.jpg
Venango_County_Topographic,Venango_County_Topographic.jpg
Vicksburg_District,Vicksburg_District.jpg
Vieques_Topographic,Vieques_Topographic.jpg
Virginia_Topographic,Virginia_Topographic.jpg
WW2_10August1944,WW2_10August1944.jpg
WW2_10December44,WW2_10December44.jpg
WW2_10March45,WW2_10March45.jpg
WW2_11March45,WW2_11March45.jpg
WW2_11October44,WW2_11October44.jpg
WW2_11September44,WW2_11September44.jpg
WW2_12July45,WW2_12July45.jpg
WW2_12March45,WW2_12March45.jpg
WW2_13November44,WW2_13November44.jpg
WW2_13October44,WW2_13October44.jpg
WW2_13September44,WW2_13September44.jpg
WW2_14April45,WW2_14April45.jpg
WW2_14June45,WW2_14June45.jpg
WW2_15February45,WW2_15February45.jpg
WW2_15January45,WW2_15January45.jpg
WW2_15June45,WW2_15June45.jpg
WW2_16December44,WW2_16December44.jpg
WW2_16June44,WW2_16June44.jpg
WW2_17January45,WW2_17January45.jpg
WW2_17July44,WW2_17July44.jpg
WW2_17July45,WW2_17July45.jpg
WW2_18January45,WW2_18January45.jpg
WW2_18October44,WW2_18October44.jpg
WW2_19August44,WW2_19August44.jpg
WW2_19December44,WW2_19December44.jpg
WW2_19July44,WW2_19July44.jpg
WW2_19June45,WW2_19June45.jpg
WW2_1January45,WW2_1January45.jpg
WW2_1July44,WW2_1July44.jpg
WW2_21December44,WW2_21December44.jpg
WW2_22March45,WW2_22March45.jpg
WW2_23April45,WW2_23April45.jpg
WW2_23December44,WW2_23December44.jpg
WW2_23February45,WW2_23February45.jpg
WW2_24February45,WW2_24February45.jpg
WW2_24July44,WW2_24July44.jpg
WW2_24May45,WW2_24May45.jpg
WW2_24September44,WW2_24September44.jpg
WW2_25October44,WW2_25October44.jpg
WW2_26April45,WW2_26April45.jpg
WW2_26July44,WW2_26July44.jpg
WW2_26June44,WW2_26June44.jpg
WW2_26September44,WW2_26September44.jpg
WW2_27August44,WW2_27August44.jpg
WW2_27December44,WW2_27December44.jpg
WW2_28January45,WW2_28January45.jpg
WW2_28March45,WW2_28March45.jpg
WW2_28November44,WW2_28November44.jpg
WW2_28September44,WW2_28September44.jpg
WW2_29April45,WW2_29April45.jpg
WW2_29June44,WW2_29June44.jpg
WW2_2April45,WW2_2April45.jpg
WW2_2August44,WW2_2August44.jpg
WW2_2December44,WW2_2December44.jpg
WW2_30May45,WW2_30May45.jpg
WW2_3April45,WW2_3April45.jpg
WW2_3February45,WW2_3February45.jpg
WW2_3January45,WW2_3January45.jpg
WW2_4February45,WW2_4February45.jpg
WW2_4July45,WW2_4July45.jpg
WW2_4November44,WW2_4November44.jpg
WW2_5February45,WW2_5February45.jpg
WW2_6July44,WW2_6July44.jpg
WW2_6June44,WW2_6June44.jpg
WW2_6June45,WW2_6June45.jpg
WW2_6November44,WW2_6November44.jpg
WW2_7November44,WW2_7November44.jpg
WW2_8January45,WW2_8January45.jpg
WW2_8November44,WW2_8November44.jpg
WW2_8October44,WW2_8October44.jpg
WW2_8September1944,WW2_8September1944.jpg
WW2_9August1944,WW2_9August1944.jpg
WW2_9March45,WW2_9March45.jpg
WW2_9October44,WW2_9October44.jpg
Washington_County_Florida_Soil,Washington_County_Florida_Soil.jpg
Washington_County_Soil,Washington_County_Soil.jpg
Washington_HEL,Washington_HEL.jpg
Washington_Inset_HEL,Washington_Inset_HEL.jpg
West_Aleutian_Islands_East_SEC,West_Aleutian_Islands_East_SEC.jpg
West_Aleutian_Islands_West_SEC,West_Aleutian_Islands_West_SEC.jpg
West_Point_1978_Topographic,West_Point_1978_Topographic.jpg
Wide_Bay_to_Cape_Kumlik_Nautical,Wide_Bay_to_Cape_Kumlik_Nautical.jpg
Winchester_Battle1,Winchester_Battle1.jpg
Winchester_Battle2,Winchester_Battle2.jpg
Winchester_Massachusetts_1921_Fire_Insurance,Winchester_Massachusetts_1921_Fire_Insurance.jpg
Worcester_County_Soil,Worcester_County_Soil.jpg
Wyoming_1932_Highway,Wyoming_1932_Highway.jpg
Wyth_County_Topographic,Wyth_County_Topographic.jpg
Yaquina_Head_to_Columbia_River_Nautical,Yaquina_Head_to_Columbia_River_Nautical.jpg
Yorktown_Battle1,Yorktown_Battle1.jpg
Yorktown_Battle2,Yorktown_Battle2.jpg
Yorktown_Battle3,Yorktown_Battle3.jpg
Ypsilanti_City_Zoning,Ypsilanti_City_Zoning.jpg
b8e2fedd-cf94-4e2b-958e-9254dd54a998HiResProxy,b8e2fedd-cf94-4e2b-958e-9254dd54a998HiResProxy.jpg
c51f64fd-51dc-400e-b562-d02789c95933HiResProxy,c51f64fd-51dc-400e-b562-d02789c95933HiResProxy.jpg
cug-complete_20240905,cug-complete_20240905.png
cug-complete_20240905_10,cug-complete_20240905_10.png
cug-complete_20240905_100,cug-complete_20240905_100.png
cug-complete_20240905_101,cug-complete_20240905_101.png
cug-complete_20240905_102,cug-complete_20240905_102.png
cug-complete_20240905_103,cug-complete_20240905_103.png
cug-complete_20240905_104,cug-complete_20240905_104.png
cug-complete_20240905_105,cug-complete_20240905_105.png
cug-complete_20240905_106,cug-complete_20240905_106.png
cug-complete_20240905_107,cug-complete_20240905_107.png
cug-complete_20240905_108,cug-complete_20240905_108.png
cug-complete_20240905_109,cug-complete_20240905_109.png
cug-complete_20240905_11,cug-complete_20240905_11.png
cug-complete_20240905_110,cug-complete_20240905_110.png
cug-complete_20240905_111,cug-complete_20240905_111.png
cug-complete_20240905_112,cug-complete_20240905_112.png
cug-complete_20240905_113,cug-complete_20240905_113.png
cug-complete_20240905_114,cug-complete_20240905_114.png
cug-complete_20240905_115,cug-complete_20240905_115.png
cug-complete_20240905_116,cug-complete_20240905_116.png
cug-complete_20240905_117,cug-complete_20240905_117.png
cug-complete_20240905_118,cug-complete_20240905_118.png
cug-complete_20240905_119,cug-complete_20240905_119.png
cug-complete_20240905_12,cug-complete_20240905_12.png
cug-complete_20240905_120,cug-complete_20240905_120.png
cug-complete_20240905_121,cug-complete_20240905_121.png
cug-complete_20240905_122,cug-complete_20240905_122.png
cug-complete_20240905_123,cug-complete_20240905_123.png
cug-complete_20240905_124,cug-complete_20240905_124.png
cug-complete_20240905_125,cug-complete_20240905_125.png
cug-complete_20240905_126,cug-complete_20240905_126.png
cug-complete_20240905_127,cug-complete_20240905_127.png
cug-complete_20240905_128,cug-complete_20240905_128.png
cug-complete_20240905_129,cug-complete_20240905_129.png
cug-complete_20240905_13,cug-complete_20240905_13.png
cug-complete_20240905_130,cug-complete_20240905_130.png
cug-complete_20240905_131,cug-complete_20240905_131.png
cug-complete_20240905_132,cug-complete_20240905_132.png
cug-complete_20240905_133,cug-complete_20240905_133.png
cug-complete_20240905_134,cug-complete_20240905_134.png
cug-complete_20240905_135,cug-complete_20240905_135.png
cug-complete_20240905_136,cug-complete_20240905_136.png
cug-complete_20240905_137,cug-complete_20240905_137.png
cug-complete_20240905_14,cug-complete_20240905_14.png
cug-complete_20240905_15,cug-complete_20240905_15.png
cug-complete_20240905_16,cug-complete_20240905_16.png
cug-complete_20240905_17,cug-complete_20240905_17.png
cug-complete_20240905_18,cug-complete_20240905_18.png
cug-complete_20240905_19,cug-complete_20240905_19.png
cug-complete_20240905_2,cug-complete_20240905_2.png
cug-complete_20240905_20,cug-complete_20240905_20.png
cug-complete_20240905_21,cug-complete_20240905_21.png
cug-complete_20240905_22,cug-complete_20240905_22.png
cug-complete_20240905_23,cug-complete_20240905_23.png
cug-complete_20240905_24,cug-complete_20240905_24.png
cug-complete_20240905_25,cug-complete_20240905_25.png
cug-complete_20240905_26,cug-complete_20240905_26.png
cug-complete_20240905_27,cug-complete_20240905_27.png
cug-complete_20240905_28,cug-complete_20240905_28.png
cug-complete_20240905_29,cug-complete_20240905_29.png
cug-complete_20240905_3,cug-complete_20240905_3.png
cug-complete_20240905_30,cug-complete_20240905_30.png
cug-complete_20240905_31,cug-complete_20240905_31.png
cug-complete_20240905_32,cug-complete_20240905_32.png
cug-complete_20240905_33,cug-complete_20240905_33.png
cug-complete_20240905_34,cug-complete_20240905_34.png
cug-complete_20240905_35,cug-complete_20240905_35.png
cug-complete_20240905_36,cug-complete_20240905_36.png
cug-complete_20240905_37,cug-complete_20240905_37.png
cug-complete_20240905_38,cug-complete_20240905_38.png
cug-complete_20240905_39,cug-complete_20240905_39.png
cug-complete_20240905_4,cug-complete_20240905_4.png
cug-complete_20240905_40,cug-complete_20240905_40.png
cug-complete_20240905_41,cug-complete_20240905_41.png
cug-complete_20240905_42,cug-complete_20240905_42.png
cug-complete_20240905_43,cug-complete_20240905_43.png
cug-complete_20240905_44,cug-complete_20240905_44.png
cug-complete_20240905_45,cug-complete_20240905_45.png
cug-complete_20240905_46,cug-complete_20240905_46.png
cug-complete_20240905_47,cug-complete_20240905_47.png
cug-complete_20240905_48,cug-complete_20240905_48.png
cug-complete_20240905_49,cug-complete_20240905_49.png
cug-complete_20240905_5,cug-complete_20240905_5.png
cug-complete_20240905_50,cug-complete_20240905_50.png
cug-complete_20240905_51,cug-complete_20240905_51.png
cug-complete_20240905_52,cug-complete_20240905_52.png
cug-complete_20240905_53,cug-complete_20240905_53.png
cug-complete_20240905_54,cug-complete_20240905_54.png
cug-complete_20240905_55,cug-complete_20240905_55.png
cug-complete_20240905_56,cug-complete_20240905_56.png
cug-complete_20240905_57,cug-complete_20240905_57.png
cug-complete_20240905_58,cug-complete_20240905_58.png
cug-complete_20240905_59,cug-complete_20240905_59.png
cug-complete_20240905_6,cug-complete_20240905_6.png
cug-complete_20240905_60,cug-complete_20240905_60.png
cug-complete_20240905_61,cug-complete_20240905_61.png
cug-complete_20240905_62,cug-complete_20240905_62.png
cug-complete_20240905_63,cug-complete_20240905_63.png
cug-complete_20240905_64,cug-complete_20240905_64.png
cug-complete_20240905_65,cug-complete_20240905_65.png
cug-complete_20240905_66,cug-complete_20240905_66.png
cug-complete_20240905_67,cug-complete_20240905_67.png
cug-complete_20240905_68,cug-complete_20240905_68.png
cug-complete_20240905_69,cug-complete_20240905_69.png
cug-complete_20240905_7,cug-complete_20240905_7.png
cug-complete_20240905_70,cug-complete_20240905_70.png
cug-complete_20240905_71,cug-complete_20240905_71.png
cug-complete_20240905_72,cug-complete_20240905_72.png
cug-complete_20240905_73,cug-complete_20240905_73.png
cug-complete_20240905_74,cug-complete_20240905_74.png
cug-complete_20240905_75,cug-complete_20240905_75.png
cug-complete_20240905_76,cug-complete_20240905_76.png
cug-complete_20240905_77,cug-complete_20240905_77.png
cug-complete_20240905_78,cug-complete_20240905_78.png
cug-complete_20240905_79,cug-complete_20240905_79.png
cug-complete_20240905_8,cug-complete_20240905_8.png
cug-complete_20240905_80,cug-complete_20240905_80.png
cug-complete_20240905_81,cug-complete_20240905_81.png
cug-complete_20240905_82,cug-complete_20240905_82.png
cug-complete_20240905_83,cug-complete_20240905_83.png
cug-complete_20240905_84,cug-complete_20240905_84.png
cug-complete_20240905_85,cug-complete_20240905_85.png
cug-complete_20240905_86,cug-complete_20240905_86.png
cug-complete_20240905_87,cug-complete_20240905_87.png
cug-complete_20240905_88,cug-complete_20240905_88.png
cug-complete_20240905_89,cug-complete_20240905_89.png
cug-complete_20240905_9,cug-complete_20240905_9.png
cug-complete_20240905_90,cug-complete_20240905_90.png
cug-complete_20240905_91,cug-complete_20240905_91.png
cug-complete_20240905_92,cug-complete_20240905_92.png
cug-complete_20240905_93,cug-complete_20240905_93.png
cug-complete_20240905_94,cug-complete_20240905_94.png
cug-complete_20240905_95,cug-complete_20240905_95.png
cug-complete_20240905_96,cug-complete_20240905_96.png
cug-complete_20240905_97,cug-complete_20240905_97.png
cug-complete_20240905_98,cug-complete_20240905_98.png
cug-complete_20240905_99,cug-complete_20240905_99.png
f7e006ba-c37e-4410-8819-8d6c833e0810HiResProxy,f7e006ba-c37e-4410-8819-8d6c833e0810HiResProxy.jpg
fc6c28ac-b9eb-496b-9445-f36eacad2a9dHiResProxy,fc6c28ac-b9eb-496b-9445-f36eacad2a9dHiResProxy.jpg
global-population-density-v0-vcexx41rwc591,global-population-density-v0-vcexx41rwc591.webp
igp7056s4a361,igp7056s4a361.webp
service-gmd-gmd3-g3201-g3201p-ct003725,service-gmd-gmd3-g3201-g3201p-ct003725.jpg
service-gmd-gmd3-g3201-g3201r-ct001266,service-gmd-gmd3-g3201-g3201r-ct001266.jpg
service-gmd-gmd3-g3402-g3402s-ar025700,service-gmd-gmd3-g3402-g3402s-ar025700.jpg
service-gmd-gmd3-g3454-g3454m-fi000110c,service-gmd-gmd3-g3454-g3454m-fi000110c.jpg
service-gmd-gmd370-g3701-g3701b-ct007698,service-gmd-gmd370-g3701-g3701b-ct007698.jpg
service-gmd-gmd370-g3701-g3701e-ct003648r,service-gmd-gmd370-g3701-g3701e-ct003648r.jpg
service-gmd-gmd370-g3701-g3701p-rr000130,service-gmd-gmd370-g3701-g3701p-rr000130.jpg
service-gmd-gmd370-g3701-g3701s-cw0013950,service-gmd-gmd370-g3701-g3701s-cw0013950.jpg
service-gmd-gmd370m-g3701m-g3701sm-gar00004-ara00009,service-gmd-gmd370m-g3701m-g3701sm-gar00004-ara00009.jpg
service-gmd-gmd370m-g3701m-g3701sm-gar00004-ara00012,service-gmd-gmd370m-g3701m-g3701sm-gar00004-ara00012.jpg
service-gmd-gmd370m-g3701m-g3701sm-gcw0092000-ca000017,service-gmd-gmd370m-g3701m-g3701sm-gcw0092000-ca000017.jpg
service-gmd-gmd370m-g3701m-g3701sm-gcw0092000-ca000018,service-gmd-gmd370m-g3701m-g3701sm-gcw0092000-ca000018.jpg
service-gmd-gmd370m-g3701m-g3701sm-gcw0092000-ca000021,service-gmd-gmd370m-g3701m-g3701sm-gcw0092000-ca000021.jpg
service-gmd-gmd370m-g3701m-g3701sm-gcw0092000-ca000023,service-gmd-gmd370m-g3701m-g3701sm-gcw0092000-ca000023.jpg
service-gmd-gmd370m-g3701m-g3701sm-gcw0092000-ca000027,service-gmd-gmd370m-g3701m-g3701sm-gcw0092000-ca000027.jpg
service-gmd-gmd370m-g3701m-g3701sm-gcw0094500-ca000004,service-gmd-gmd370m-g3701m-g3701sm-gcw0094500-ca000004.jpg
service-gmd-gmd370m-g3701m-g3701sm-gcw0097000-ca000010,service-gmd-gmd370m-g3701m-g3701sm-gcw0097000-ca000010.jpg
service-gmd-gmd370m-g3701m-g3701sm-gcw0097000-ca000011,service-gmd-gmd370m-g3701m-g3701sm-gcw0097000-ca000011.jpg
service-gmd-gmd370m-g3701m-g3701sm-gcw0097000-ca000012,service-gmd-gmd370m-g3701m-g3701sm-gcw0097000-ca000012.jpg
service-gmd-gmd373-g3731-g3731p-ct005449,service-gmd-gmd373-g3731-g3731p-ct005449.jpg
service-gmd-gmd373-g3732-g3732a-np000041,service-gmd-gmd373-g3732-g3732a-np000041.jpg
service-gmd-gmd375-g3752-g3752o-ct005703,service-gmd-gmd375-g3752-g3752o-ct005703.jpg
service-gmd-gmd376-g3761-g3761j-ct005799,service-gmd-gmd376-g3761-g3761j-ct005799.jpg
service-gmd-gmd376-g3762-g3762b-ar094500,service-gmd-gmd376-g3762-g3762b-ar094500.jpg
service-gmd-gmd380-g3800-g3800-ct004108,service-gmd-gmd380-g3800-g3800-ct004108.jpg
service-gmd-gmd380-g3801-g3801p-ct006517,service-gmd-gmd380-g3801-g3801p-ct006517.jpg
service-gmd-gmd380-g3804-g3804n-wd000040,service-gmd-gmd380-g3804-g3804n-wd000040.jpg
service-gmd-gmd382-g3822-g3822a-ct007884r,service-gmd-gmd382-g3822-g3822a-ct007884r.jpg
service-gmd-gmd382-g3823-g3823e-ct008108,service-gmd-gmd382-g3823-g3823e-ct008108.jpg
service-gmd-gmd382-g3823-g3823p-la000785,service-gmd-gmd382-g3823-g3823p-la000785.jpg
service-gmd-gmd382m-g3824m-g3824mm-g3824mm_g078151920-07815_1920-0001,service-gmd-gmd382m-g3824m-g3824mm-g3824mm_g078151920-07815_1920-0001.jpg
service-gmd-gmd382m-g3824m-g3824mm-g3824mm_g078151920-07815_1920-0002,service-gmd-gmd382m-g3824m-g3824mm-g3824mm_g078151920-07815_1920-0002.jpg
service-gmd-gmd382m-g3824m-g3824mm-g3824mm_g078151920-07815_1920-0003,service-gmd-gmd382m-g3824m-g3824mm-g3824mm_g078151920-07815_1920-0003.jpg
service-gmd-gmd384m-g3842m-g3842am-gcw0247000-ca000005,service-gmd-gmd384m-g3842m-g3842am-gcw0247000-ca000005.jpg
service-gmd-gmd388-g3881-g3881k-ct008986,service-gmd-gmd388-g3881-g3881k-ct008986.jpg
service-gmd-gmd388-g3882-g3882s-ct009213r,service-gmd-gmd388-g3882-g3882s-ct009213r.jpg
service-gmd-gmd388-g3883-g3883a-la001200,service-gmd-gmd388-g3883-g3883a-la001200.jpg
service-gmd-gmd388m-g3884m-g3884pm-gcw0511000-ca000002,service-gmd-gmd388m-g3884m-g3884pm-gcw0511000-ca000002.jpg
service-gmd-gmd388m-g3884m-g3884pm-gcw0511000-ca000007,service-gmd-gmd388m-g3884m-g3884pm-gcw0511000-ca000007.jpg
service-gmd-gmd391-g3911-g3911c-ct009817,service-gmd-gmd391-g3911-g3911c-ct009817.jpg
service-gmd-gmd391-g3912-g3912c-cw0373000,service-gmd-gmd391-g3912-g3912c-cw0373000.jpg
service-gmd-gmd392-g3923-g3923g-ct010120,service-gmd-gmd392-g3923-g3923g-ct010120.jpg
service-gmd-gmd393m-g3934m-g3934sm-g3934sm_g013431918-01343_1918-0001,service-gmd-gmd393m-g3934m-g3934sm-g3934sm_g013431918-01343_1918-0001.jpg
service-gmd-gmd393m-g3934m-g3934sm-g3934sm_g013431918-01343_1918-0003,service-gmd-gmd393m-g3934m-g3934sm-g3934sm_g013431918-01343_1918-0003.jpg
service-gmd-gmd393m-g3934m-g3934sm-g3934sm_g013431918-01343_1918-0004,service-gmd-gmd393m-g3934m-g3934sm-g3934sm_g013431918-01343_1918-0004.jpg
service-gmd-gmd397-g3971-g3971j-ct010658,service-gmd-gmd397-g3971-g3971j-ct010658.jpg
service-gmd-gmd4-g4820-g4820-ct002701,service-gmd-gmd4-g4820-g4820-ct002701.jpg
service-gmd-gmd4-g4971-g4971p-ct000303,service-gmd-gmd4-g4971-g4971p-ct000303.jpg
service-gmd-gmd403-g4033-g4033c-ct011506,service-gmd-gmd403-g4033-g4033c-ct011506.jpg
service-gmd-gmd408-g4081-g4081j-ct011822,service-gmd-gmd408-g4081-g4081j-ct011822.jpg
service-gmd-gmd408-g4083-g4083m-la000652,service-gmd-gmd408-g4083-g4083m-la000652.jpg
service-gmd-gmd411m-g4114m-g4114nm-g041311942-04131_1942-0001,service-gmd-gmd411m-g4114m-g4114nm-g041311942-04131_1942-0001.jpg
service-gmd-gmd411m-g4114m-g4114nm-g041311942-04131_1942-0002,service-gmd-gmd411m-g4114m-g4114nm-g041311942-04131_1942-0002.jpg
service-gmd-gmd411m-g4114m-g4114nm-g041311942-04131_1942-0004,service-gmd-gmd411m-g4114m-g4114nm-g041311942-04131_1942-0004.jpg
service-gmd-gmd416-g4161-g4161p-ct002014,service-gmd-gmd416-g4161-g4161p-ct002014.jpg
service-gmd-gmd436-g4363-g4363m-la000027,service-gmd-gmd436-g4363-g4363m-la000027.jpg
service-gmd-gmd5-g5701-g5701s-ct011937r,service-gmd-gmd5-g5701-g5701s-ct011937r.jpg
service-gmd-gmd5m-g5701m-g5701sm-gct00021-cs000002,service-gmd-gmd5m-g5701m-g5701sm-gct00021-cs000002.jpg
service-gmd-gmd5m-g5701m-g5701sm-gct00021-cs000029,service-gmd-gmd5m-g5701m-g5701sm-gct00021-cs000029.jpg
service-gmd-gmd5m-g5701m-g5701sm-gct00021-cs000063,service-gmd-gmd5m-g5701m-g5701sm-gct00021-cs000063.jpg
service-gmd-gmd5m-g5701m-g5701sm-gct00021-cs000078,service-gmd-gmd5m-g5701m-g5701sm-gct00021-cs000078.jpg
service-gmd-gmd5m-g5701m-g5701sm-gct00021-cs000103,service-gmd-gmd5m-g5701m-g5701sm-gct00021-cs000103.jpg
service-gmd-gmd6-g6810-g6810-ct003215,service-gmd-gmd6-g6810-g6810-ct003215.jpg
service-gmd-gmd6-g6890-g6890-ct003312,service-gmd-gmd6-g6890-g6890-ct003312.jpg
service-gmd-gmd7-g7010-g7010-ct002953,service-gmd-gmd7-g7010-g7010-ct002953.jpg
service-gmd-gmd7-g7591-g7591f-ct002709,service-gmd-gmd7-g7591-g7591f-ct002709.jpg
service-gmd-gmd7-g7611-g7611p-ct000896,service-gmd-gmd7-g7611-g7611p-ct000896.jpg
service-gmd-gmd7-g7634-g7634k-ct001101,service-gmd-gmd7-g7634-g7634k-ct001101.jpg
service-gmd-gmdsetmaps-20-19-35-91-58-2019359158-cs000002r,service-gmd-gmdsetmaps-20-19-35-91-58-2019359158-cs000002r.jpg
service-gmd-gmdsetmaps-20-19-35-91-58-2019359158-cs000003r,service-gmd-gmdsetmaps-20-19-35-91-58-2019359158-cs000003r.jpg
service-gmd-gmdsetmaps-20-19-35-91-58-2019359158-cs000004r,service-gmd-gmdsetmaps-20-19-35-91-58-2019359158-cs000004r.jpg
service-gmd-gmdsetmaps-20-19-35-91-58-2019359158-cs000005r,service-gmd-gmdsetmaps-20-19-35-91-58-2019359158-cs000005r.jpg
service-gmd-gmdsetmaps-20-19-35-91-58-2019359158-cs000006,service-gmd-gmdsetmaps-20-19-35-91-58-2019359158-cs000006.jpg
service-gmd-gmdsetmaps-20-19-35-91-58-2019359158-cs000016,service-gmd-gmdsetmaps-20-19-35-91-58-2019359158-cs000016.jpg
service-gmd-gmdsetmaps-20-19-35-91-58-2019359158-cs000018,service-gmd-gmdsetmaps-20-19-35-91-58-2019359158-cs000018.jpg
service-gmd-gmdsetmaps-20-19-35-91-58-2019359158-cs000019,service-gmd-gmdsetmaps-20-19-35-91-58-2019359158-cs000019.jpg
service-gmd-gmdsetmaps-20-19-35-91-58-2019359158-cs000022,service-gmd-gmdsetmaps-20-19-35-91-58-2019359158-cs000022.jpg
service-gmd-gmdsetmaps-20-19-35-91-58-2019359158-cs000028,service-gmd-gmdsetmaps-20-19-35-91-58-2019359158-cs000028.jpg
service-gmd-gmdsetmaps-20-19-35-91-58-2019359158-cs000034,service-gmd-gmdsetmaps-20-19-35-91-58-2019359158-cs000034.jpg
service-gmd-gmdsetmaps-20-19-35-91-58-2019359158-cs000036,service-gmd-gmdsetmaps-20-19-35-91-58-2019359158-cs000036.jpg
service-gmd-gmdsetmaps-20-19-35-91-58-2019359158-cs000038,service-gmd-gmdsetmaps-20-19-35-91-58-2019359158-cs000038.jpg
service-gmd-gmdsetmaps-20-19-35-91-58-2019359158-cs000040,service-gmd-gmdsetmaps-20-19-35-91-58-2019359158-cs000040.jpg
service-gmd-gmdsetmaps-20-19-35-91-58-2019359158-cs000045,service-gmd-gmdsetmaps-20-19-35-91-58-2019359158-cs000045.jpg
service-gmd-gmdsetmaps-20-19-35-91-58-2019359158-cs000047,service-gmd-gmdsetmaps-20-19-35-91-58-2019359158-cs000047.jpg
service-gmd-gmdsetmaps-20-19-35-91-58-2019359158-cs000048,service-gmd-gmdsetmaps-20-19-35-91-58-2019359158-cs000048.jpg
service-gmd-gmdsetmaps-20-19-35-91-58-2019359158-cs000049,service-gmd-gmdsetmaps-20-19-35-91-58-2019359158-cs000049.jpg
service-gmd-gmdsetmaps-20-19-35-91-58-2019359158-cs000051,service-gmd-gmdsetmaps-20-19-35-91-58-2019359158-cs000051.jpg
